"","term","OR","CI_lower","CI_upper"
"1","victim_sexMale",0.425511729603828,0.324558952282892,0.557865468682637
